generation,max_fitness,max_percentage,max_dead_time,eval_time
0,0.042494237,0.042494237,1000.0,69.12671566009521
1,0.081494085,0.081494085,1000.0,66.93281483650208
2,0.081494085,0.081494085,1000.0,58.83392858505249
3,0.32056695,0.32056695,1000.0,56.06060242652893
4,0.32056695,0.32056695,1000.0,55.438193798065186
5,0.32056695,0.32056695,1000.0,55.773534536361694
6,0.32056695,0.32056695,1000.0,57.678810119628906
7,0.3206932,0.3206932,1000.0,56.75322222709656
8,0.32393396,0.32393396,1000.0,60.2608437538147
9,0.32693607,0.32693607,1000.0,58.40238308906555
10,0.32693607,0.32693607,1000.0,56.90449261665344
11,0.32693607,0.32693607,1000.0,56.98204803466797
12,0.34999192,0.34999192,1000.0,58.087533473968506
13,0.35369778,0.35369778,1000.0,55.64049434661865
14,0.35369778,0.35369778,1000.0,60.55003905296326
15,0.35369778,0.35369778,1000.0,58.965967893600464
16,0.35369778,0.35369778,1000.0,60.47837448120117
17,0.35369778,0.35369778,1000.0,58.17008185386658
18,0.35369778,0.35369778,1000.0,57.62580370903015
19,0.35369778,0.35369778,1000.0,57.138854026794434
20,0.35369778,0.35369778,1000.0,61.765984773635864
21,0.35369778,0.35369778,1000.0,57.13756346702576
22,0.35369778,0.35369778,1000.0,55.10693573951721
23,0.365404,0.365404,1000.0,57.14051294326782
24,0.365404,0.365404,1000.0,58.27623271942139
25,0.365404,0.365404,1000.0,55.3846914768219
26,0.365404,0.365404,1000.0,55.803560733795166
27,0.365404,0.365404,1000.0,57.847026348114014
28,0.365404,0.365404,1000.0,58.72904872894287
29,0.365404,0.365404,1000.0,58.32998085021973
30,0.365404,0.365404,1000.0,56.23790001869202
31,0.365404,0.365404,1000.0,56.50633215904236
32,0.365404,0.365404,1000.0,58.36516237258911
33,0.365404,0.365404,1000.0,55.771382570266724
34,0.365404,0.365404,1000.0,55.467453956604004
35,0.365404,0.365404,1000.0,55.601497650146484
36,0.365404,0.365404,1000.0,57.55599904060364
37,0.365404,0.365404,1000.0,53.369247913360596
38,0.365404,0.365404,1000.0,53.025293827056885
39,0.365404,0.365404,1000.0,59.047361850738525
40,0.365404,0.365404,1000.0,55.6763858795166
41,0.365404,0.365404,1000.0,54.39558410644531
42,0.365404,0.365404,1000.0,54.909178256988525
43,0.365404,0.365404,1000.0,52.90203666687012
44,0.365404,0.365404,1000.0,51.23456621170044
45,0.365404,0.365404,1000.0,56.18202066421509
46,0.365404,0.365404,1000.0,53.7523775100708
47,0.365404,0.365404,1000.0,51.266523599624634
48,0.365404,0.365404,1000.0,54.02873945236206
49,0.365404,0.365404,1000.0,51.51832127571106
50,0.365404,0.365404,1000.0,54.36979365348816
51,0.365404,0.365404,1000.0,56.18332839012146
52,0.365404,0.365404,1000.0,54.27097725868225
53,0.365404,0.365404,1000.0,53.36371421813965
54,0.365404,0.365404,1000.0,51.569470167160034
55,0.36623877,0.36623877,1000.0,51.30321979522705
56,0.36623877,0.36623877,1000.0,53.516780853271484
57,0.36623877,0.36623877,1000.0,51.54925894737244
58,0.36623877,0.36623877,1000.0,55.14158654212952
59,0.36623877,0.36623877,1000.0,54.25310659408569
60,0.36623877,0.36623877,1000.0,54.78938317298889
61,0.36623877,0.36623877,1000.0,52.34260821342468
62,0.36623877,0.36623877,1000.0,52.340991497039795
63,0.36623877,0.36623877,1000.0,50.40117049217224
64,0.36623877,0.36623877,1000.0,54.935113191604614
65,0.36623877,0.36623877,1000.0,52.540451765060425
66,0.36623877,0.36623877,1000.0,53.97799754142761
67,0.36623877,0.36623877,1000.0,52.99602127075195
68,0.36623877,0.36623877,1000.0,53.40729379653931
69,0.36623877,0.36623877,1000.0,53.23690962791443
70,0.36623877,0.36623877,1000.0,53.07447409629822
71,0.36623877,0.36623877,1000.0,51.40895748138428
72,0.36623877,0.36623877,1000.0,52.567763566970825
73,0.36623877,0.36623877,1000.0,52.72520041465759
74,0.36623877,0.36623877,1000.0,53.438854694366455
75,0.36623877,0.36623877,1000.0,53.801249980926514
76,0.36623877,0.36623877,1000.0,53.75109791755676
77,0.36623877,0.36623877,1000.0,51.04518938064575
78,0.36623877,0.36623877,1000.0,53.28995060920715
79,0.36623877,0.36623877,1000.0,55.552029609680176
80,0.36623877,0.36623877,1000.0,54.719204902648926
81,0.36623877,0.36623877,1000.0,53.89184880256653
82,0.36699736,0.36699736,1000.0,52.6138379573822
83,0.36699736,0.36699736,1000.0,51.06897234916687
84,0.36699736,0.36699736,1000.0,50.29797005653381
85,0.36699736,0.36699736,1000.0,55.26310992240906
86,0.36699736,0.36699736,1000.0,52.063395977020264
87,0.36699736,0.36699736,1000.0,56.36289620399475
88,0.36699736,0.36699736,1000.0,54.13255071640015
89,0.36699736,0.36699736,1000.0,52.83942747116089
90,0.36699736,0.36699736,1000.0,50.26066470146179
91,0.36699736,0.36699736,1000.0,54.51487612724304
92,0.36699736,0.36699736,1000.0,51.649152994155884
93,0.36699736,0.36699736,1000.0,51.923505783081055
94,0.36699736,0.36699736,1000.0,49.79452872276306
95,0.36699736,0.36699736,1000.0,53.17329931259155
96,0.36699736,0.36699736,1000.0,55.06381058692932
97,0.36699736,0.36699736,1000.0,54.650331020355225
98,0.36699736,0.36699736,1000.0,54.89649152755737
99,0.36699736,0.36699736,1000.0,52.22744345664978
100,0.36699736,0.36699736,1000.0,53.19399309158325
101,0.36699736,0.36699736,1000.0,54.03763246536255
102,0.36699736,0.36699736,1000.0,52.15713429450989
103,0.36699736,0.36699736,1000.0,53.95856285095215
104,0.36699736,0.36699736,1000.0,55.792280197143555
105,0.36699736,0.36699736,1000.0,54.15753412246704
106,0.36699736,0.36699736,1000.0,55.87716460227966
107,0.36699736,0.36699736,1000.0,55.84082889556885
108,0.36699736,0.36699736,1000.0,52.169740438461304
109,0.36699736,0.36699736,1000.0,53.65349292755127
110,0.36699736,0.36699736,1000.0,54.711814403533936
111,0.36699736,0.36699736,1000.0,51.753604888916016
112,0.36699736,0.36699736,1000.0,50.86921286582947
113,0.36699736,0.36699736,1000.0,51.46702599525452
114,0.36699736,0.36699736,1000.0,52.67732119560242
115,0.36699736,0.36699736,1000.0,52.257853507995605
116,0.36699736,0.36699736,1000.0,51.21318173408508
117,0.36699736,0.36699736,1000.0,53.12231206893921
118,0.36699736,0.36699736,1000.0,52.99547576904297
119,0.36699736,0.36699736,1000.0,51.329620122909546
120,0.36699736,0.36699736,1000.0,55.31287217140198
121,0.36699736,0.36699736,1000.0,52.22991871833801
122,0.36699736,0.36699736,1000.0,48.40806031227112
123,0.36699736,0.36699736,1000.0,50.052422761917114
124,0.36699736,0.36699736,1000.0,57.96151113510132
125,0.36699736,0.36699736,1000.0,57.62685489654541
126,0.36699736,0.36699736,1000.0,52.13010096549988
127,0.36699736,0.36699736,1000.0,55.2940731048584
128,0.36699736,0.36699736,1000.0,55.321441888809204
129,0.36699736,0.36699736,1000.0,51.111109018325806
130,0.36699736,0.36699736,1000.0,48.071950912475586
131,0.36699736,0.36699736,1000.0,51.09784722328186
132,0.36699736,0.36699736,1000.0,52.605568408966064
133,0.36699736,0.36699736,1000.0,52.14880418777466
134,0.36699736,0.36699736,1000.0,51.69792652130127
135,0.36699736,0.36699736,1000.0,55.17379951477051
136,0.36699736,0.36699736,1000.0,54.40336489677429
137,0.36699736,0.36699736,1000.0,51.76442313194275
138,0.36699736,0.36699736,1000.0,52.42203187942505
139,0.36699736,0.36699736,1000.0,51.548901081085205
140,0.36699736,0.36699736,1000.0,51.127487897872925
141,0.36699736,0.36699736,1000.0,50.94164490699768
142,0.36699736,0.36699736,1000.0,53.90291118621826
143,0.36699736,0.36699736,1000.0,53.574705362319946
144,0.36699736,0.36699736,1000.0,52.99252653121948
145,0.36699736,0.36699736,1000.0,55.77692484855652
146,0.36699736,0.36699736,1000.0,52.92096710205078
147,0.36699736,0.36699736,1000.0,53.436519145965576
148,0.36699736,0.36699736,1000.0,52.40285062789917
149,0.36699736,0.36699736,1000.0,54.34515023231506
150,0.36699736,0.36699736,1000.0,53.3358690738678
151,0.36699736,0.36699736,1000.0,53.131468057632446
152,0.36699736,0.36699736,1000.0,51.85932445526123
153,0.36699736,0.36699736,1000.0,52.21124577522278
154,0.36699736,0.36699736,1000.0,52.64747071266174
155,0.36699736,0.36699736,1000.0,51.72893834114075
156,0.36699736,0.36699736,1000.0,54.703524589538574
157,0.36699736,0.36699736,1000.0,54.613622426986694
158,0.36699736,0.36699736,1000.0,52.23914361000061
159,0.36699736,0.36699736,1000.0,54.20595908164978
160,0.36699736,0.36699736,1000.0,52.545867681503296
161,0.36699736,0.36699736,1000.0,52.0196897983551
162,0.36699736,0.36699736,1000.0,51.66721272468567
163,0.36699736,0.36699736,1000.0,51.158247232437134
164,0.36699736,0.36699736,1000.0,52.607428312301636
165,0.36699736,0.36699736,1000.0,53.46820020675659
166,0.36699736,0.36699736,1000.0,53.34359669685364
167,0.36699736,0.36699736,1000.0,55.354564905166626
168,0.36699736,0.36699736,1000.0,54.02441430091858
169,0.36699736,0.36699736,1000.0,54.253039836883545
170,0.36699736,0.36699736,1000.0,52.581695318222046
171,0.36699736,0.36699736,1000.0,51.13884139060974
172,0.36699736,0.36699736,1000.0,50.87565851211548
173,0.36699736,0.36699736,1000.0,52.538729429244995
174,0.36699736,0.36699736,1000.0,53.06272864341736
175,0.36699736,0.36699736,1000.0,53.36525559425354
176,0.36699736,0.36699736,1000.0,51.45295190811157
177,0.36699736,0.36699736,1000.0,51.00529670715332
178,0.36699736,0.36699736,1000.0,53.01459717750549
179,0.36699736,0.36699736,1000.0,49.84645652770996
180,0.36699736,0.36699736,1000.0,52.897953748703
181,0.36699736,0.36699736,1000.0,52.842381954193115
182,0.36699736,0.36699736,1000.0,53.263216733932495
183,0.36699736,0.36699736,1000.0,49.123777866363525
184,0.36699736,0.36699736,1000.0,50.61336278915405
185,0.36699736,0.36699736,1000.0,49.29757308959961
186,0.36699736,0.36699736,1000.0,52.42740869522095
187,0.36699736,0.36699736,1000.0,50.58269929885864
188,0.36699736,0.36699736,1000.0,50.8452365398407
189,0.36699736,0.36699736,1000.0,50.27281999588013
190,0.36699736,0.36699736,1000.0,49.261051654815674
191,0.36699736,0.36699736,1000.0,49.55732250213623
192,0.36699736,0.36699736,1000.0,50.74374341964722
193,0.36699736,0.36699736,1000.0,50.85598969459534
194,0.36699736,0.36699736,1000.0,51.46932506561279
195,0.36699736,0.36699736,1000.0,49.08130145072937
196,0.36699736,0.36699736,1000.0,50.543734073638916
197,0.36699736,0.36699736,1000.0,51.08743333816528
198,0.36806187,0.36806187,1000.0,52.424898624420166
199,0.36806187,0.36806187,1000.0,53.40958857536316
200,0.36806187,0.36806187,1000.0,50.99390888214111
201,0.36806187,0.36806187,1000.0,53.82667088508606
202,0.36806187,0.36806187,1000.0,51.443161725997925
203,0.36806187,0.36806187,1000.0,54.184449672698975
204,0.36806187,0.36806187,1000.0,54.71132278442383
205,0.3728431,0.3728431,1000.0,53.051703214645386
206,0.3730956,0.3730956,1000.0,51.38099384307861
207,0.3730956,0.3730956,1000.0,50.57295107841492
208,0.3730956,0.3730956,1000.0,49.87969422340393
209,0.3730956,0.3730956,1000.0,50.69613265991211
210,0.3730956,0.3730956,1000.0,51.89498710632324
211,0.3730956,0.3730956,1000.0,51.240912437438965
212,0.3730956,0.3730956,1000.0,56.23807668685913
213,0.37566286,0.37566286,1000.0,53.82743525505066
214,0.37566286,0.37566286,1000.0,55.15532064437866
215,0.37566286,0.37566286,1000.0,53.69901514053345
216,0.37904948,0.37904948,1000.0,53.29707622528076
217,0.37904948,0.37904948,1000.0,52.51657247543335
218,0.37904948,0.37904948,1000.0,50.991034507751465
219,0.37904948,0.37904948,1000.0,53.04073619842529
220,0.37904948,0.37904948,1000.0,54.95740818977356
221,0.37904948,0.37904948,1000.0,53.363195180892944
222,0.37904948,0.37904948,1000.0,50.826659202575684
223,0.37954122,0.37954122,1000.0,49.68192410469055
224,0.37954122,0.37954122,1000.0,51.484601974487305
225,0.37954122,0.37954122,1000.0,51.51134467124939
226,0.37954122,0.37954122,1000.0,51.34575295448303
227,0.37954122,0.37954122,1000.0,49.77964401245117
228,0.37954122,0.37954122,1000.0,51.638455390930176
229,0.37954122,0.37954122,1000.0,51.82473158836365
230,0.37954122,0.37954122,1000.0,50.414851665496826
231,0.37954122,0.37954122,1000.0,50.19165658950806
232,0.37954122,0.37954122,1000.0,53.093239307403564
233,0.37954122,0.37954122,1000.0,51.19846868515015
234,0.37954122,0.37954122,1000.0,51.33899807929993
235,0.37954122,0.37954122,1000.0,51.82471513748169
236,0.37954122,0.37954122,1000.0,49.42590117454529
237,0.37954122,0.37954122,1000.0,50.824182987213135
238,0.37967658,0.37967658,1000.0,52.505990505218506
239,0.37967658,0.37967658,1000.0,52.33945298194885
240,0.37967658,0.37967658,1000.0,48.60609459877014
241,0.37967658,0.37967658,1000.0,48.11865973472595
242,0.37967658,0.37967658,1000.0,48.82090401649475
243,0.37967658,0.37967658,1000.0,51.59712219238281
244,0.37967658,0.37967658,1000.0,50.36436367034912
245,0.37967658,0.37967658,1000.0,53.133689880371094
246,0.38011953,0.38011953,1000.0,51.84290647506714
247,0.38011953,0.38011953,1000.0,53.63093376159668
248,0.38011953,0.38011953,1000.0,52.96143841743469
249,0.38011953,0.38011953,1000.0,54.209696769714355
250,0.38011953,0.38011953,1000.0,52.26398992538452
251,0.38011953,0.38011953,1000.0,54.460700273513794
252,0.38011953,0.38011953,1000.0,51.37515640258789
253,0.38011953,0.38011953,1000.0,54.75057363510132
254,0.38011953,0.38011953,1000.0,52.9785373210907
255,0.38011953,0.38011953,1000.0,54.90538477897644
256,0.38011953,0.38011953,1000.0,55.11340856552124
257,0.38011953,0.38011953,1000.0,52.370487689971924
258,0.38011953,0.38011953,1000.0,51.93995261192322
259,0.38011953,0.38011953,1000.0,55.04628229141235
260,0.38011953,0.38011953,1000.0,53.357810974121094
261,0.38011953,0.38011953,1000.0,53.3983895778656
262,0.38011953,0.38011953,1000.0,51.10761070251465
263,0.38011953,0.38011953,1000.0,50.93978404998779
264,0.38011953,0.38011953,1000.0,51.719321966171265
265,0.38011953,0.38011953,1000.0,54.811254262924194
266,0.38011953,0.38011953,1000.0,49.82890486717224
267,0.38011953,0.38011953,1000.0,55.380656480789185
268,0.38011953,0.38011953,1000.0,53.667033433914185
269,0.38011953,0.38011953,1000.0,54.56132769584656
270,0.38011953,0.38011953,1000.0,51.86979341506958
271,0.38011953,0.38011953,1000.0,56.65100049972534
272,0.38011953,0.38011953,1000.0,52.61388850212097
273,0.38011953,0.38011953,1000.0,53.91295266151428
274,0.38011953,0.38011953,1000.0,56.221111536026
275,0.38011953,0.38011953,1000.0,58.33106589317322
276,0.38011953,0.38011953,1000.0,52.352797985076904
277,0.38011953,0.38011953,1000.0,52.808661222457886
278,0.38011953,0.38011953,1000.0,55.474809408187866
279,0.38011953,0.38011953,1000.0,55.11177921295166
280,0.38011953,0.38011953,1000.0,51.59724760055542
281,0.38011953,0.38011953,1000.0,51.92782282829285
282,0.38011953,0.38011953,1000.0,54.11392426490784
283,0.38011953,0.38011953,1000.0,55.35987067222595
284,0.38011953,0.38011953,1000.0,53.69624876976013
285,0.38011953,0.38011953,1000.0,55.163808822631836
286,0.38011953,0.38011953,1000.0,55.278191804885864
287,0.38011953,0.38011953,1000.0,54.086413621902466
288,0.38011953,0.38011953,1000.0,56.07134199142456
289,0.38011953,0.38011953,1000.0,51.49342727661133
290,0.38011953,0.38011953,1000.0,53.48487854003906
291,0.38011953,0.38011953,1000.0,49.47470688819885
292,0.38011953,0.38011953,1000.0,52.458932399749756
293,0.38011953,0.38011953,1000.0,51.51619505882263
294,0.38011953,0.38011953,1000.0,53.83267903327942
295,0.38011953,0.38011953,1000.0,54.76675772666931
296,0.38011953,0.38011953,1000.0,55.443424224853516
297,0.38011953,0.38011953,1000.0,54.1227765083313
298,0.38011953,0.38011953,1000.0,52.81857705116272
299,0.38011953,0.38011953,1000.0,54.197165966033936
300,0.38011953,0.38011953,1000.0,53.16979384422302
301,0.38011953,0.38011953,1000.0,57.456093311309814
302,0.38011953,0.38011953,1000.0,55.545623779296875
303,0.38011953,0.38011953,1000.0,54.85485076904297
304,0.38011953,0.38011953,1000.0,53.13218808174133
305,0.38011953,0.38011953,1000.0,56.89900541305542
306,0.38011953,0.38011953,1000.0,53.77914094924927
307,0.38011953,0.38011953,1000.0,53.89512252807617
308,0.38011953,0.38011953,1000.0,52.71003174781799
309,0.38011953,0.38011953,1000.0,54.19713234901428
310,0.38011953,0.38011953,1000.0,55.32909035682678
311,0.38011953,0.38011953,1000.0,53.26640033721924
312,0.38011953,0.38011953,1000.0,53.0838737487793
313,0.38011953,0.38011953,1000.0,54.5782105922699
314,0.38011953,0.38011953,1000.0,54.23882007598877
315,0.38011953,0.38011953,1000.0,55.001800775527954
316,0.38011953,0.38011953,1000.0,54.329349756240845
317,0.38011953,0.38011953,1000.0,54.16109538078308
318,0.38011953,0.38011953,1000.0,53.10212063789368
319,0.38011953,0.38011953,1000.0,53.016313314437866
320,0.38011953,0.38011953,1000.0,52.96661067008972
321,0.38011953,0.38011953,1000.0,55.495014905929565
322,0.38011953,0.38011953,1000.0,56.86613082885742
323,0.38011953,0.38011953,1000.0,55.30364155769348
324,0.38011953,0.38011953,1000.0,53.63958954811096
325,0.38011953,0.38011953,1000.0,52.568368434906006
326,0.38011953,0.38011953,1000.0,54.8748984336853
327,0.38011953,0.38011953,1000.0,52.30748653411865
328,0.38011953,0.38011953,1000.0,56.57078695297241
329,0.38011953,0.38011953,1000.0,52.90291976928711
330,0.38011953,0.38011953,1000.0,53.72602343559265
331,0.38011953,0.38011953,1000.0,53.17151379585266
332,0.38011953,0.38011953,1000.0,52.290053367614746
333,0.38011953,0.38011953,1000.0,53.661797523498535
334,0.38011953,0.38011953,1000.0,51.87449026107788
335,0.09353837,0.09353837,393.6667,21.06313943862915
336,0.16509321,0.16509321,688.3334,32.478264570236206
337,0.16509321,0.16509321,391.0,21.776596784591675
338,0.18099265,0.18099265,391.0,21.975040674209595
339,0.18099265,0.18099265,391.0,22.529184341430664
340,0.19292192,0.19292192,397.6667,21.18127727508545
341,0.19292192,0.19292192,390.33334,20.98052191734314
342,0.19292192,0.19292192,395.33334,19.636284828186035
343,0.1933311,0.1933311,391.0,22.5884530544281
344,0.1933311,0.1933311,391.0,21.99013900756836
345,0.1933311,0.1933311,389.6667,20.2158522605896
346,0.19349658,0.19349658,391.0,21.642329216003418
347,0.19349658,0.19349658,391.0,20.950745820999146
348,0.19349658,0.19349658,391.0,21.452283143997192
349,0.19349658,0.19349658,688.3334,33.16950964927673
350,0.19349658,0.19349658,682.3334,32.559614419937134
351,0.19350648,0.19350648,391.0,23.654229640960693
352,0.19350648,0.19350648,391.0,21.61889362335205
353,0.19350648,0.19350648,391.0,22.537977695465088
354,0.19350648,0.19350648,683.0,33.51750588417053
355,0.19350648,0.19350648,391.0,21.882813453674316
356,0.19352412,0.19352412,391.0,20.420875549316406
357,0.19352412,0.19352412,391.0,21.129889011383057
358,0.19352412,0.19352412,391.0,21.42556142807007
359,0.19352412,0.19352412,391.0,21.989999055862427
360,0.19352412,0.19352412,391.0,21.33964729309082
361,0.19364916,0.19364916,682.3334,32.988279819488525
362,0.19364916,0.19364916,391.0,21.24315643310547
363,0.19364916,0.19364916,391.0,39.95561718940735
364,0.1940437,0.1940437,391.0,22.733161449432373
365,0.1940437,0.1940437,391.0,21.52147388458252
366,0.1940437,0.1940437,391.0,22.234243392944336
367,0.1940437,0.1940437,391.0,22.994746923446655
368,0.1940437,0.1940437,391.0,22.6097149848938
369,0.1940437,0.1940437,391.0,23.011443853378296
370,0.1940437,0.1940437,689.6667,37.934826374053955
371,0.1940437,0.1940437,391.0,22.14132571220398
372,0.1940437,0.1940437,391.0,21.725213527679443
373,0.1940437,0.1940437,391.0,23.468256950378418
374,0.1940437,0.1940437,391.0,21.663384437561035
375,0.1940437,0.1940437,391.0,30.30698251724243
376,0.1940437,0.1940437,391.0,22.542259454727173
377,0.1940437,0.1940437,391.0,22.045625686645508
378,0.1940437,0.1940437,391.0,22.615939378738403
379,0.1940437,0.1940437,391.0,23.143163681030273
380,0.1940437,0.1940437,391.0,21.640214681625366
381,0.1940437,0.1940437,391.0,21.88200831413269
382,0.1940437,0.1940437,391.0,21.536130905151367
383,0.1940437,0.1940437,391.0,20.241552114486694
384,0.1940437,0.1940437,391.0,20.77877640724182
385,0.1940437,0.1940437,685.6667,37.60566806793213
386,0.23688298,0.23688298,391.0,21.808103322982788
387,0.23688298,0.23688298,391.0,22.797048330307007
388,0.23688298,0.23688298,689.6667,38.68753409385681
389,0.23688298,0.23688298,391.0,22.119895458221436
390,0.23688298,0.23688298,391.0,21.532039642333984
391,0.23688298,0.23688298,391.0,21.88031315803528
392,0.23688298,0.23688298,391.0,20.891191244125366
393,0.23688298,0.23688298,706.6667,43.97685694694519
394,0.23688298,0.23688298,706.6667,33.68538212776184
395,0.23688298,0.23688298,706.6667,35.77995491027832
396,0.23688298,0.23688298,706.6667,37.845879316329956
397,0.23688298,0.23688298,389.6667,22.082128524780273
398,0.23688298,0.23688298,391.0,22.33317756652832
399,0.23688298,0.23688298,706.6667,33.77386403083801
400,0.23688298,0.23688298,391.0,21.261783599853516
401,0.23688298,0.23688298,391.0,21.469360828399658
402,0.23688298,0.23688298,671.0,34.05592679977417
403,0.23688298,0.23688298,391.0,21.76138997077942
404,0.23688298,0.23688298,391.0,20.21860146522522
405,0.23688298,0.23688298,392.33334,20.77605438232422
406,0.23688298,0.23688298,391.0,35.76424837112427
407,0.23688298,0.23688298,391.0,22.36279582977295
408,0.23688298,0.23688298,418.6667,21.6835515499115
409,0.23688298,0.23688298,418.6667,20.550342559814453
410,0.23688298,0.23688298,687.0,35.673728466033936
411,0.23688298,0.23688298,391.0,21.21131658554077
412,0.23688298,0.23688298,391.0,20.949554443359375
413,0.23688298,0.23688298,391.0,19.92435312271118
414,0.23688298,0.23688298,391.0,20.63691544532776
415,0.23688298,0.23688298,682.3334,48.84030795097351
416,0.23688298,0.23688298,742.3334,30.193044900894165
417,0.23688298,0.23688298,711.6667,46.9911835193634
418,0.23688298,0.23688298,1000.0,45.9907751083374
419,0.23688298,0.23688298,391.0,23.131211757659912
420,0.23688298,0.23688298,392.33334,24.640442848205566
421,0.23688298,0.23688298,391.0,20.20669436454773
422,0.23688298,0.23688298,689.6667,40.10378932952881
423,0.23688298,0.23688298,670.3334,36.449639081954956
424,0.23688298,0.23688298,670.3334,35.64936804771423
425,0.23688298,0.23688298,682.3334,32.71774911880493
426,0.23688298,0.23688298,682.3334,36.78222179412842
427,0.23688298,0.23688298,391.0,50.55411982536316
428,0.23688298,0.23688298,389.6667,30.57283639907837
429,0.23688298,0.23688298,688.3334,47.533588886260986
430,0.23688298,0.23688298,391.0,22.410386562347412
431,0.23688298,0.23688298,712.6667,30.620331525802612
432,0.23688298,0.23688298,398.33334,22.082536935806274
433,0.23688298,0.23688298,1000.0,45.13111972808838
434,0.23688298,0.23688298,391.0,22.356557369232178
435,0.23688298,0.23688298,705.3334,32.5072808265686
436,0.23688298,0.23688298,706.6667,30.01511788368225
437,0.23688298,0.23688298,391.33334,40.22463321685791
438,0.23688298,0.23688298,706.6667,34.6349139213562
439,0.23688298,0.23688298,391.0,21.634156942367554
440,0.23688298,0.23688298,1000.0,47.89486336708069
441,0.23688298,0.23688298,389.6667,22.031060695648193
442,0.23688298,0.23688298,391.0,21.059230089187622
443,0.23688298,0.23688298,707.3334,47.468376874923706
444,0.23688298,0.23688298,390.33334,22.15742516517639
445,0.23688298,0.23688298,391.0,22.10054612159729
446,0.23688298,0.23688298,391.33334,32.546953439712524
447,0.23688298,0.23688298,670.3334,38.13306403160095
448,0.23688298,0.23688298,391.0,22.257099628448486
449,0.23688298,0.23688298,391.33334,21.5259006023407
450,0.23688298,0.23688298,391.33334,22.09383773803711
451,0.23688298,0.23688298,394.0,22.797963619232178
452,0.23688298,0.23688298,399.33334,20.39940643310547
453,0.23688298,0.23688298,391.0,21.389857530593872
454,0.23688298,0.23688298,391.0,21.270010232925415
455,0.23688298,0.23688298,391.0,32.9911584854126
456,0.23688298,0.23688298,391.0,21.821582555770874
457,0.23688298,0.23688298,392.33334,21.632664442062378
458,0.23688298,0.23688298,391.0,35.757078409194946
459,0.23688298,0.23688298,706.6667,35.022944927215576
460,0.23688298,0.23688298,391.0,20.913551807403564
461,0.23688298,0.23688298,391.0,35.99620699882507
462,0.23688298,0.23688298,389.0,32.82413387298584
463,0.23688298,0.23688298,391.0,32.14537501335144
464,0.23688298,0.23688298,391.0,20.55548858642578
465,0.23688298,0.23688298,682.6667,32.30103087425232
466,0.23688298,0.23688298,1000.0,48.5911226272583
467,0.23688298,0.23688298,391.0,22.173051118850708
468,0.23688298,0.23688298,391.0,22.09981107711792
469,0.23688298,0.23688298,391.0,35.22408366203308
470,0.23688298,0.23688298,670.3334,36.00759673118591
471,0.23688298,0.23688298,391.0,34.839675426483154
472,0.23688298,0.23688298,710.6667,31.855677127838135
473,0.23688298,0.23688298,391.0,21.776471376419067
474,0.23688298,0.23688298,391.0,21.24386692047119
475,0.23688298,0.23688298,392.33334,22.790447473526
476,0.23688298,0.23688298,1000.0,45.306907653808594
477,0.23688298,0.23688298,391.0,21.346646547317505
478,0.23688298,0.23688298,391.0,22.462323427200317
479,0.23688298,0.23688298,712.6667,33.61472988128662
480,0.23688298,0.23688298,391.0,20.64952063560486
481,0.23688298,0.23688298,670.3334,34.80807900428772
482,0.23688298,0.23688298,418.6667,21.411413192749023
483,0.23688298,0.23688298,389.6667,22.004762649536133
484,0.23688298,0.23688298,391.0,24.752725839614868
485,0.23688298,0.23688298,706.6667,34.455761432647705
486,0.23688298,0.23688298,399.6667,37.93147397041321
487,0.23688298,0.23688298,391.0,21.196707248687744
488,0.23688298,0.23688298,391.0,23.245768547058105
489,0.23688298,0.23688298,706.6667,35.57158088684082
490,0.23688298,0.23688298,706.6667,35.36917781829834
491,0.23688298,0.23688298,398.0,35.68195605278015
492,0.23688298,0.23688298,391.0,22.688825368881226
493,0.23688298,0.23688298,706.6667,34.11314606666565
494,0.23688298,0.23688298,391.0,36.14099168777466
495,0.23688298,0.23688298,391.0,23.09709882736206
496,0.23688298,0.23688298,391.0,21.287829875946045
497,0.23688298,0.23688298,391.0,21.171404123306274
498,0.23688298,0.23688298,391.0,21.218711376190186
499,0.23688298,0.23688298,391.0,21.845717668533325
500,0.23688298,0.23688298,706.6667,35.018415451049805
501,0.23688298,0.23688298,1000.0,48.60167121887207
502,0.23688298,0.23688298,1000.0,48.277400732040405
503,0.23688298,0.23688298,689.6667,45.994892597198486
504,0.23688298,0.23688298,1000.0,47.432445764541626
505,0.23688298,0.23688298,706.0,36.385443687438965
506,0.23688298,0.23688298,391.0,30.85270667076111
507,0.23688298,0.23688298,706.6667,35.763670444488525
508,0.23688298,0.23688298,391.33334,22.33367085456848
509,0.23688298,0.23688298,689.6667,40.066925048828125
510,0.23688298,0.23688298,391.33334,22.630859375
511,0.23688298,0.23688298,670.3334,34.137879848480225
512,0.23688298,0.23688298,441.0,23.877328157424927
513,0.23688298,0.23688298,391.0,20.08914542198181
514,0.23688298,0.23688298,391.0,21.993499994277954
515,0.23688298,0.23688298,391.0,32.5804238319397
516,0.23688298,0.23688298,391.0,38.7173490524292
517,0.23688298,0.23688298,712.6667,47.747214794158936
518,0.23688298,0.23688298,739.3334,36.72574067115784
519,0.23688298,0.23688298,391.0,21.310148000717163
520,0.23688298,0.23688298,670.3334,32.56969714164734
521,0.23688298,0.23688298,391.0,20.357659816741943
522,0.23688298,0.23688298,689.6667,35.779531717300415
523,0.23688298,0.23688298,391.0,22.088865041732788
524,0.23688298,0.23688298,689.6667,37.23708415031433
525,0.23688298,0.23688298,1000.0,47.378530979156494
526,0.23688298,0.23688298,710.6667,33.593650579452515
527,0.23688298,0.23688298,689.6667,33.95768976211548
528,0.23688298,0.23688298,398.33334,22.484142541885376
529,0.23688298,0.23688298,1000.0,46.441598653793335
530,0.23688298,0.23688298,391.0,36.906996726989746
531,0.23688298,0.23688298,670.3334,32.01595497131348
532,0.23688298,0.23688298,670.3334,30.79408049583435
533,0.23688298,0.23688298,1000.0,42.45454740524292
534,0.23688298,0.23688298,682.3334,34.76482558250427
535,0.23688298,0.23688298,391.0,32.82642459869385
536,0.23688298,0.23688298,689.6667,36.48176383972168
537,0.23688298,0.23688298,400.6667,34.66246938705444
538,0.23688298,0.23688298,391.0,34.133585929870605
539,0.23688298,0.23688298,712.6667,32.099947690963745
540,0.23688298,0.23688298,1000.0,49.59346795082092
541,0.23688298,0.23688298,706.6667,33.02559566497803
542,0.23688298,0.23688298,391.0,22.99863028526306
543,0.23688298,0.23688298,391.0,21.25510883331299
544,0.23688298,0.23688298,391.0,21.025498867034912
545,0.23688298,0.23688298,1000.0,44.91950297355652
546,0.23688298,0.23688298,1000.0,44.321630001068115
547,0.23688298,0.23688298,706.6667,33.97073745727539
548,0.23688298,0.23688298,670.3334,36.43125772476196
549,0.23688298,0.23688298,670.3334,37.71170091629028
550,0.23688298,0.23688298,670.3334,35.971787214279175
551,0.23688298,0.23688298,391.33334,21.9881534576416
552,0.23688298,0.23688298,391.0,33.961278676986694
553,0.23688298,0.23688298,400.33334,21.226691722869873
554,0.23688298,0.23688298,392.33334,21.539347648620605
555,0.23688298,0.23688298,391.0,19.59764528274536
556,0.23688298,0.23688298,740.0,32.25148129463196
557,0.23688298,0.23688298,689.6667,46.59431290626526
558,0.23688298,0.23688298,391.0,21.057223796844482
559,0.23688298,0.23688298,391.33334,19.82893443107605
560,0.23688298,0.23688298,688.6667,32.43421292304993
561,0.23688298,0.23688298,391.33334,22.1551992893219
562,0.23688298,0.23688298,391.33334,20.151695013046265
563,0.23688298,0.23688298,391.33334,21.528496265411377
564,0.23688298,0.23688298,395.6667,22.573123931884766
565,0.23688298,0.23688298,670.3334,35.2467622756958
566,0.23688298,0.23688298,418.6667,21.159472465515137
567,0.23688298,0.23688298,418.6667,22.126245737075806
568,0.23688298,0.23688298,418.6667,33.20134949684143
569,0.23688298,0.23688298,391.0,20.338338375091553
570,0.23688298,0.23688298,418.6667,21.956982851028442
571,0.23688298,0.23688298,1000.0,47.53516173362732
572,0.23688298,0.23688298,391.0,21.199243545532227
573,0.23688298,0.23688298,670.3334,32.28557729721069
574,0.23688298,0.23688298,391.0,21.408847093582153
575,0.23688298,0.23688298,389.6667,20.73187780380249
576,0.23688298,0.23688298,391.0,21.641891956329346
577,0.23688298,0.23688298,391.0,22.319677114486694
578,0.23688298,0.23688298,391.0,20.111924171447754
579,0.23688298,0.23688298,671.0,37.28005123138428
580,0.23688298,0.23688298,706.6667,34.28547406196594
581,0.23688298,0.23688298,391.0,22.22812533378601
582,0.23688298,0.23688298,1000.0,44.60144782066345
583,0.23688298,0.23688298,682.3334,33.174148082733154
584,0.23688298,0.23688298,675.0,48.78431153297424
585,0.23688298,0.23688298,689.6667,35.660634994506836
586,0.23688298,0.23688298,391.0,22.586301565170288
587,0.23688298,0.23688298,1000.0,49.05645442008972
588,0.23688298,0.23688298,391.0,21.86767554283142
589,0.23688298,0.23688298,391.0,23.673983335494995
590,0.23688298,0.23688298,391.0,32.337870597839355
591,0.23688298,0.23688298,391.0,37.096811294555664
592,0.23688298,0.23688298,669.6667,52.968255281448364
593,0.23688298,0.23688298,396.6667,35.42713761329651
594,0.23688298,0.23688298,391.0,22.10047221183777
595,0.23688298,0.23688298,391.0,29.284797191619873
596,0.23688298,0.23688298,391.0,29.88310933113098
597,0.23688298,0.23688298,418.6667,20.47658658027649
598,0.23688298,0.23688298,391.0,22.34310030937195
599,0.23688298,0.23688298,391.0,21.988415002822876
600,0.23688298,0.23688298,670.3334,36.96581268310547
601,0.23688298,0.23688298,670.3334,32.90307021141052
602,0.23688298,0.23688298,682.3334,36.59620642662048
603,0.23688298,0.23688298,712.6667,36.22086477279663
604,0.23688298,0.23688298,423.33334,24.28923487663269
605,0.23688298,0.23688298,391.0,20.971770763397217
606,0.23688298,0.23688298,688.3334,32.982972621917725
607,0.23688298,0.23688298,392.33334,21.73462963104248
608,0.23688298,0.23688298,391.0,22.837382555007935
609,0.23688298,0.23688298,670.3334,34.368521213531494
610,0.23688298,0.23688298,391.0,22.3979754447937
611,0.23688298,0.23688298,391.0,21.422277688980103
612,0.23688298,0.23688298,687.6667,33.65631031990051
613,0.23688298,0.23688298,391.0,21.95858907699585
614,0.23688298,0.23688298,713.3334,33.63109636306763
615,0.23688298,0.23688298,391.0,23.74450659751892
616,0.23688298,0.23688298,391.0,22.891544580459595
617,0.23688298,0.23688298,682.3334,32.661884784698486
618,0.23688298,0.23688298,391.0,22.15404176712036
619,0.23688298,0.23688298,391.0,35.68419003486633
620,0.23688298,0.23688298,688.3334,35.1706702709198
621,0.23688298,0.23688298,400.33334,20.182562112808228
622,0.23688298,0.23688298,391.0,33.164467334747314
623,0.23688298,0.23688298,391.0,34.44436073303223
624,0.23688298,0.23688298,391.0,34.181639432907104
625,0.23688298,0.23688298,391.0,36.263147592544556
626,0.23688298,0.23688298,425.6667,31.477765798568726
627,0.23688298,0.23688298,391.0,21.566736698150635
628,0.23688298,0.23688298,706.6667,35.79975199699402
629,0.23688298,0.23688298,682.3334,35.26536798477173
630,0.23688298,0.23688298,689.6667,36.81104612350464
631,0.23688298,0.23688298,391.0,21.973816871643066
632,0.23688298,0.23688298,391.0,34.79314613342285
633,0.23688298,0.23688298,391.0,36.33121871948242
634,0.23688298,0.23688298,670.3334,35.39677166938782
635,0.23688298,0.23688298,391.0,22.831756830215454
636,0.23688298,0.23688298,391.0,20.941517114639282
637,0.23688298,0.23688298,670.3334,35.270344972610474
638,0.23688298,0.23688298,391.0,21.473188638687134
639,0.23688298,0.23688298,392.33334,21.3767147064209
640,0.23688298,0.23688298,1000.0,47.67103672027588
641,0.23688298,0.23688298,391.0,23.338992595672607
642,0.23688298,0.23688298,706.6667,37.02812123298645
643,0.23688298,0.23688298,391.0,23.21258807182312
644,0.23688298,0.23688298,391.0,22.150163412094116
645,0.23688298,0.23688298,706.6667,35.05011034011841
646,0.23688298,0.23688298,391.0,21.60926580429077
647,0.23688298,0.23688298,1000.0,41.73031711578369
648,0.23688298,0.23688298,391.0,21.522562265396118
649,0.23688298,0.23688298,706.6667,36.065566301345825
650,0.23688298,0.23688298,390.33334,22.822201013565063
651,0.23688298,0.23688298,706.6667,38.413734912872314
652,0.23688298,0.23688298,391.0,22.068877935409546
653,0.23688298,0.23688298,391.0,46.834470987319946
654,0.23688298,0.23688298,401.0,38.642657995224
655,0.23688298,0.23688298,391.33334,21.071497440338135
656,0.23688298,0.23688298,670.3334,36.46959376335144
657,0.23688298,0.23688298,397.33334,22.127201795578003
658,0.23688298,0.23688298,712.6667,49.59126019477844
659,0.23688298,0.23688298,391.0,22.185814142227173
660,0.23688298,0.23688298,391.0,22.226706981658936
661,0.23688298,0.23688298,391.0,22.088659286499023
662,0.23688298,0.23688298,391.0,22.558576107025146
663,0.23688298,0.23688298,397.33334,22.2581684589386
664,0.23688298,0.23688298,391.0,23.73526954650879
665,0.23688298,0.23688298,391.0,21.85172462463379
666,0.23688298,0.23688298,1000.0,51.34118390083313
667,0.23688298,0.23688298,689.6667,31.167582988739014
668,0.16122675,0.16122675,1000.0,53.73333024978638
669,0.20311317,0.20311317,700.6667,49.10395693778992
670,0.20311317,0.20311317,1000.0,53.18698692321777
671,0.20311317,0.20311317,1000.0,51.570000410079956
672,0.20311317,0.20311317,1000.0,51.828020095825195
673,0.20314398,0.20314398,700.6667,47.2525475025177
674,0.20314398,0.20314398,1000.0,49.675143241882324
675,0.28640574,0.28640574,1000.0,50.11895561218262
676,0.28640574,0.28640574,1000.0,52.3712272644043
677,0.28640574,0.28640574,1000.0,50.508026123046875
678,0.28640574,0.28640574,1000.0,49.984596729278564
679,0.28640574,0.28640574,1000.0,49.8769268989563
680,0.28640574,0.28640574,1000.0,53.22451329231262
681,0.28640574,0.28640574,1000.0,51.74466133117676
682,0.28640574,0.28640574,1000.0,51.384485960006714
683,0.28640574,0.28640574,1000.0,49.86369466781616
684,0.28640574,0.28640574,1000.0,49.830572843551636
685,0.28640574,0.28640574,1000.0,50.18606448173523
686,0.28640574,0.28640574,1000.0,53.62743425369263
687,0.28640574,0.28640574,1000.0,56.210317850112915
688,0.28640574,0.28640574,1000.0,52.59484243392944
689,0.28640574,0.28640574,1000.0,54.07611703872681
690,0.28640574,0.28640574,1000.0,51.88559031486511
691,0.28640574,0.28640574,1000.0,54.33859324455261
692,0.28640574,0.28640574,1000.0,52.34512662887573
693,0.28640574,0.28640574,1000.0,58.162407636642456
694,0.28640574,0.28640574,1000.0,56.92146372795105
695,0.28640574,0.28640574,1000.0,56.94827842712402
696,0.28640574,0.28640574,1000.0,56.960771560668945
697,0.28640574,0.28640574,1000.0,53.71230602264404
698,0.28640574,0.28640574,1000.0,54.641377210617065
699,0.28640574,0.28640574,1000.0,54.71328377723694
700,0.28640574,0.28640574,1000.0,54.65260291099548
701,0.28640574,0.28640574,1000.0,56.25599145889282
702,0.28640574,0.28640574,1000.0,54.923638105392456
703,0.28640574,0.28640574,1000.0,53.75658559799194
704,0.28640574,0.28640574,1000.0,53.962114095687866
705,0.28640574,0.28640574,1000.0,52.95420002937317
706,0.28640574,0.28640574,1000.0,56.006720781326294
707,0.28640574,0.28640574,1000.0,56.66782736778259
708,0.28640574,0.28640574,1000.0,56.611369371414185
709,0.28640574,0.28640574,1000.0,56.36855626106262
710,0.28640574,0.28640574,1000.0,56.45944857597351
711,0.28640574,0.28640574,1000.0,58.183332681655884
712,0.28640574,0.28640574,1000.0,58.098528146743774
713,0.28640574,0.28640574,1000.0,55.677287101745605
714,0.28640574,0.28640574,1000.0,55.6596896648407
715,0.28640574,0.28640574,1000.0,52.847673654556274
716,0.28640574,0.28640574,1000.0,55.06768822669983
717,0.28640574,0.28640574,1000.0,54.20796823501587
718,0.28640574,0.28640574,1000.0,56.559906005859375
719,0.28640574,0.28640574,1000.0,57.63719463348389
720,0.28640574,0.28640574,1000.0,53.93810296058655
721,0.36384684,0.36384684,1000.0,56.84484934806824
722,0.36384684,0.36384684,1000.0,56.64657974243164
723,0.36384684,0.36384684,1000.0,52.907668590545654
724,0.36384684,0.36384684,1000.0,52.341453552246094
725,0.36384684,0.36384684,1000.0,52.01508045196533
726,0.36398566,0.36398566,1000.0,49.38977336883545
727,0.36398566,0.36398566,1000.0,50.84174609184265
728,0.36398566,0.36398566,1000.0,46.62735891342163
729,0.36398566,0.36398566,1000.0,46.601545333862305
730,0.3640325,0.3640325,1000.0,48.546507120132446
731,0.3640325,0.3640325,1000.0,49.605961322784424
732,0.3640325,0.3640325,1000.0,47.81783103942871
733,0.3640325,0.3640325,1000.0,47.573442697525024
734,0.3640325,0.3640325,1000.0,49.18021583557129
735,0.3640325,0.3640325,1000.0,46.95073318481445
736,0.3640325,0.3640325,1000.0,47.729456186294556
737,0.3640325,0.3640325,1000.0,47.30235695838928
738,0.3640325,0.3640325,1000.0,46.256752729415894
739,0.3640325,0.3640325,1000.0,47.28750205039978
740,0.3640325,0.3640325,1000.0,47.40626001358032
741,0.3640325,0.3640325,1000.0,47.081233978271484
742,0.3640325,0.3640325,1000.0,47.65714621543884
743,0.3640325,0.3640325,1000.0,44.95082664489746
744,0.3640325,0.3640325,1000.0,47.06927442550659
745,0.3640325,0.3640325,1000.0,47.701273679733276
746,0.3640325,0.3640325,1000.0,48.914692401885986
747,0.3640325,0.3640325,1000.0,49.77363991737366
748,0.3640325,0.3640325,1000.0,49.03438472747803
749,0.3640325,0.3640325,1000.0,47.84538674354553
750,0.3640325,0.3640325,1000.0,47.77135682106018
751,0.3640325,0.3640325,1000.0,48.189911127090454
752,0.3640325,0.3640325,1000.0,50.692177534103394
753,0.3640325,0.3640325,1000.0,47.44847583770752
754,0.3640325,0.3640325,1000.0,52.39151883125305
755,0.3640325,0.3640325,1000.0,50.93811750411987
756,0.3640325,0.3640325,1000.0,48.27371835708618
757,0.3640325,0.3640325,1000.0,47.381959199905396
758,0.3640325,0.3640325,1000.0,51.83737802505493
759,0.3640325,0.3640325,1000.0,46.520275592803955
760,0.3640325,0.3640325,1000.0,49.85758090019226
761,0.3640325,0.3640325,1000.0,49.255064487457275
762,0.3640325,0.3640325,1000.0,51.8125524520874
763,0.3640325,0.3640325,1000.0,49.97258710861206
764,0.3640325,0.3640325,1000.0,48.23717641830444
765,0.3640325,0.3640325,1000.0,51.69464659690857
766,0.3640325,0.3640325,1000.0,49.952462911605835
767,0.3687312,0.3687312,1000.0,49.19140386581421
768,0.39324194,0.39324194,1000.0,49.47485899925232
769,0.39324194,0.39324194,1000.0,49.24853205680847
770,0.39324194,0.39324194,1000.0,51.13685727119446
771,0.39324194,0.39324194,1000.0,49.417258501052856
772,0.39324194,0.39324194,1000.0,49.41087532043457
773,0.39324194,0.39324194,1000.0,48.18919563293457
774,0.39324194,0.39324194,1000.0,50.47082805633545
775,0.41973862,0.41973862,1000.0,48.82759094238281
776,0.41973862,0.41973862,1000.0,47.78592586517334
777,0.41973862,0.41973862,1000.0,49.29001832008362
778,0.41973862,0.41973862,1000.0,49.755847215652466
779,0.41973862,0.41973862,1000.0,47.23403573036194
780,0.41973862,0.41973862,1000.0,46.4344847202301
781,0.41973862,0.41973862,1000.0,46.513564109802246
782,0.41973862,0.41973862,1000.0,46.29014444351196
783,0.41973862,0.41973862,1000.0,45.023078203201294
784,0.41973862,0.41973862,1000.0,47.122053384780884
785,0.41973862,0.41973862,1000.0,50.12526822090149
786,0.41973862,0.41973862,1000.0,48.35955786705017
787,0.41973862,0.41973862,1000.0,47.38061714172363
788,0.41973862,0.41973862,1000.0,47.834468126297
789,0.41973862,0.41973862,1000.0,47.006837368011475
790,0.41973862,0.41973862,1000.0,48.5177788734436
791,0.41973862,0.41973862,1000.0,54.445292949676514
792,0.41973862,0.41973862,1000.0,47.677186727523804
793,0.41973862,0.41973862,1000.0,52.183079957962036
794,0.41973862,0.41973862,1000.0,49.11471199989319
795,0.41973862,0.41973862,1000.0,49.89890503883362
796,0.41973862,0.41973862,1000.0,47.91879749298096
797,0.41973862,0.41973862,1000.0,52.16572594642639
798,0.41973862,0.41973862,1000.0,48.55716419219971
799,0.41973862,0.41973862,1000.0,49.934853315353394
800,0.41973862,0.41973862,1000.0,47.15941500663757
801,0.41973862,0.41973862,1000.0,49.18492364883423
802,0.41973862,0.41973862,1000.0,49.16955828666687
803,0.41973862,0.41973862,1000.0,51.209282875061035
804,0.41973862,0.41973862,1000.0,48.09501338005066
805,0.41973862,0.41973862,1000.0,52.24462270736694
806,0.41973862,0.41973862,1000.0,51.218438386917114
807,0.41973862,0.41973862,1000.0,47.46953582763672
808,0.41973862,0.41973862,1000.0,47.126625299453735
809,0.41973862,0.41973862,1000.0,50.05125713348389
810,0.41973862,0.41973862,1000.0,47.93314599990845
811,0.4450758,0.4450758,1000.0,49.98327159881592
812,0.4450758,0.4450758,1000.0,49.008601903915405
813,0.4450758,0.4450758,1000.0,50.955445289611816
814,0.4450758,0.4450758,1000.0,47.92354393005371
815,0.4450758,0.4450758,1000.0,48.53489398956299
816,0.4450758,0.4450758,1000.0,48.28741192817688
817,0.4450758,0.4450758,1000.0,51.495099782943726
818,0.4450758,0.4450758,1000.0,49.62058925628662
819,0.4450758,0.4450758,1000.0,51.06423759460449
820,0.4450758,0.4450758,1000.0,51.83838725090027
821,0.4450758,0.4450758,1000.0,50.80396318435669
822,0.4450758,0.4450758,1000.0,49.52914476394653
823,0.4450758,0.4450758,1000.0,51.011473178863525
824,0.4450758,0.4450758,1000.0,51.33351755142212
825,0.4450758,0.4450758,1000.0,49.73686695098877
826,0.4450758,0.4450758,1000.0,51.97040557861328
827,0.4450758,0.4450758,1000.0,53.132296323776245
828,0.4450758,0.4450758,1000.0,54.412970781326294
829,0.4450758,0.4450758,1000.0,55.46018743515015
830,0.4450758,0.4450758,1000.0,55.5340313911438
831,0.4450758,0.4450758,1000.0,54.75655722618103
832,0.4450758,0.4450758,1000.0,54.20056128501892
833,0.4450758,0.4450758,1000.0,53.43990111351013
834,0.4450758,0.4450758,700.6667,55.62413549423218
835,0.4450758,0.4450758,1000.0,54.46748948097229
836,0.4450758,0.4450758,1000.0,55.9392409324646
837,0.4450758,0.4450758,1000.0,55.65799403190613
838,0.4450758,0.4450758,1000.0,57.054712533950806
839,0.4450758,0.4450758,1000.0,57.4501519203186
840,0.4450758,0.4450758,1000.0,55.078075647354126
841,0.4450758,0.4450758,1000.0,56.22408676147461
842,0.4450758,0.4450758,1000.0,52.34013557434082
843,0.4450758,0.4450758,1000.0,58.566797971725464
844,0.4450758,0.4450758,1000.0,54.82967209815979
845,0.4450758,0.4450758,1000.0,55.300227642059326
846,0.4450758,0.4450758,1000.0,56.968071937561035
847,0.4450758,0.4450758,1000.0,57.31447434425354
848,0.4450758,0.4450758,1000.0,56.328045129776
849,0.4450758,0.4450758,1000.0,54.67129349708557
850,0.4450758,0.4450758,1000.0,56.69306135177612
851,0.4450758,0.4450758,1000.0,53.08644509315491
852,0.4450758,0.4450758,1000.0,54.1422553062439
853,0.4450758,0.4450758,1000.0,56.46361303329468
854,0.4450758,0.4450758,1000.0,53.52448105812073
855,0.4450758,0.4450758,1000.0,56.33736801147461
856,0.4450758,0.4450758,1000.0,55.49701428413391
857,0.4450758,0.4450758,1000.0,52.37507963180542
858,0.4450758,0.4450758,1000.0,56.41871976852417
859,0.4450758,0.4450758,1000.0,55.41724872589111
860,0.4450758,0.4450758,1000.0,55.88009810447693
861,0.4450758,0.4450758,1000.0,53.45792555809021
862,0.4450758,0.4450758,1000.0,54.864142656326294
863,0.4450758,0.4450758,1000.0,55.59795546531677
864,0.4450758,0.4450758,1000.0,54.46196532249451
865,0.4450758,0.4450758,1000.0,55.11124086380005
866,0.4450758,0.4450758,1000.0,56.532023668289185
867,0.4450758,0.4450758,1000.0,56.972949743270874
868,0.4450758,0.4450758,1000.0,54.354681730270386
869,0.4450758,0.4450758,1000.0,55.13931059837341
870,0.4450758,0.4450758,1000.0,55.16252684593201
871,0.4450758,0.4450758,1000.0,56.265363931655884
872,0.4450758,0.4450758,1000.0,56.38831090927124
873,0.4450758,0.4450758,1000.0,54.60280394554138
874,0.4450758,0.4450758,1000.0,57.16827630996704
875,0.4450758,0.4450758,1000.0,53.13086295127869
876,0.4450758,0.4450758,1000.0,57.144479751586914
877,0.4450758,0.4450758,1000.0,55.505698919296265
878,0.4450758,0.4450758,1000.0,54.3623251914978
879,0.4450758,0.4450758,1000.0,54.52281951904297
880,0.4450758,0.4450758,1000.0,55.09197425842285
881,0.4450758,0.4450758,1000.0,57.12725257873535
882,0.4450758,0.4450758,1000.0,55.790892362594604
883,0.4450758,0.4450758,1000.0,52.928027629852295
884,0.4450758,0.4450758,1000.0,51.176121950149536
885,0.4450758,0.4450758,1000.0,53.75995659828186
886,0.4450758,0.4450758,1000.0,53.63800024986267
887,0.4450758,0.4450758,1000.0,53.320292234420776
888,0.4450758,0.4450758,1000.0,54.925678730010986
889,0.4450758,0.4450758,706.0,54.96928882598877
890,0.4450758,0.4450758,1000.0,55.65642189979553
891,0.4450758,0.4450758,1000.0,57.549705028533936
892,0.4450758,0.4450758,1000.0,55.23620843887329
893,0.4450758,0.4450758,1000.0,55.68183088302612
894,0.4450758,0.4450758,1000.0,54.78027677536011
895,0.4450758,0.4450758,1000.0,56.401540994644165
896,0.4450758,0.4450758,1000.0,55.55112600326538
897,0.4450758,0.4450758,1000.0,55.60343623161316
898,0.4450758,0.4450758,1000.0,54.89620590209961
899,0.4450758,0.4450758,1000.0,56.337815046310425
900,0.4450758,0.4450758,1000.0,55.06181859970093
901,0.4450758,0.4450758,1000.0,57.00026321411133
902,0.4450758,0.4450758,1000.0,55.527716398239136
903,0.4450758,0.4450758,1000.0,55.367252826690674
904,0.4450758,0.4450758,1000.0,56.63072967529297
905,0.4450758,0.4450758,1000.0,55.89079761505127
906,0.4450758,0.4450758,1000.0,55.267797231674194
907,0.4450758,0.4450758,1000.0,53.696040630340576
908,0.4450758,0.4450758,1000.0,55.28954267501831
909,0.4450758,0.4450758,1000.0,56.41289734840393
910,0.4450758,0.4450758,1000.0,55.145771741867065
911,0.4450758,0.4450758,1000.0,56.44328546524048
912,0.4450758,0.4450758,1000.0,55.11927914619446
913,0.4450758,0.4450758,1000.0,55.30939722061157
914,0.4450758,0.4450758,1000.0,53.94590950012207
915,0.4450758,0.4450758,1000.0,56.78827786445618
916,0.4450758,0.4450758,1000.0,54.4746208190918
917,0.4450758,0.4450758,1000.0,56.44674468040466
918,0.4450758,0.4450758,1000.0,55.99716305732727
919,0.4450758,0.4450758,1000.0,57.35973858833313
920,0.4450758,0.4450758,1000.0,53.15529108047485
921,0.4450758,0.4450758,1000.0,54.57105040550232
922,0.4450758,0.4450758,700.6667,55.11348915100098
923,0.4450758,0.4450758,1000.0,56.3194797039032
924,0.4450758,0.4450758,1000.0,57.33820343017578
925,0.4450758,0.4450758,1000.0,57.829052209854126
926,0.4450758,0.4450758,1000.0,56.81837439537048
927,0.4450758,0.4450758,1000.0,56.57323884963989
928,0.4450758,0.4450758,1000.0,55.43743181228638
929,0.4450758,0.4450758,1000.0,57.85972785949707
930,0.4450758,0.4450758,1000.0,56.40563678741455
931,0.4450758,0.4450758,1000.0,55.574432373046875
932,0.4450758,0.4450758,1000.0,57.316859006881714
933,0.4450758,0.4450758,1000.0,57.94718670845032
934,0.4450758,0.4450758,1000.0,55.51162028312683
935,0.4450758,0.4450758,1000.0,53.34169888496399
936,0.4450758,0.4450758,1000.0,53.88031888008118
937,0.4450758,0.4450758,1000.0,54.00862717628479
938,0.4450758,0.4450758,1000.0,55.72672200202942
939,0.4450758,0.4450758,1000.0,54.25029134750366
940,0.4450758,0.4450758,1000.0,56.58908295631409
941,0.4450758,0.4450758,1000.0,54.75836253166199
942,0.4450758,0.4450758,1000.0,53.71928906440735
943,0.4450758,0.4450758,1000.0,56.246886253356934
944,0.4450758,0.4450758,1000.0,55.6920371055603
945,0.4450758,0.4450758,1000.0,55.34817886352539
946,0.4450758,0.4450758,1000.0,56.280996799468994
947,0.4450758,0.4450758,1000.0,53.84758996963501
948,0.4450758,0.4450758,1000.0,54.56528067588806
949,0.4450758,0.4450758,1000.0,56.10181903839111
950,0.4450758,0.4450758,1000.0,56.00465703010559
951,0.4450758,0.4450758,1000.0,52.949379682540894
952,0.4450758,0.4450758,1000.0,53.69860506057739
953,0.4450758,0.4450758,1000.0,53.82407212257385
954,0.4450758,0.4450758,1000.0,54.63994526863098
955,0.4450758,0.4450758,1000.0,53.68004822731018
956,0.4450758,0.4450758,1000.0,55.487358808517456
957,0.4450758,0.4450758,1000.0,55.94741487503052
958,0.4450758,0.4450758,1000.0,59.60647702217102
959,0.4450758,0.4450758,1000.0,56.129690170288086
960,0.4450758,0.4450758,1000.0,53.20203971862793
961,0.4450758,0.4450758,1000.0,53.882944107055664
962,0.4450758,0.4450758,1000.0,56.01802468299866
963,0.4450758,0.4450758,1000.0,56.70454406738281
964,0.4450758,0.4450758,1000.0,56.7005558013916
965,0.4450758,0.4450758,1000.0,53.13674855232239
966,0.4450758,0.4450758,1000.0,55.12594723701477
967,0.4450758,0.4450758,1000.0,55.81123208999634
968,0.4450758,0.4450758,1000.0,54.572412729263306
969,0.4450758,0.4450758,1000.0,53.73637104034424
970,0.4450758,0.4450758,1000.0,56.093631982803345
971,0.4450758,0.4450758,1000.0,54.2832977771759
972,0.4450758,0.4450758,1000.0,54.56639814376831
973,0.4450758,0.4450758,1000.0,55.71613097190857
974,0.4450758,0.4450758,1000.0,55.245574712753296
975,0.4450758,0.4450758,1000.0,54.26624035835266
976,0.4450758,0.4450758,1000.0,54.18618416786194
977,0.4450758,0.4450758,700.6667,53.49493098258972
978,0.4450758,0.4450758,1000.0,54.30588722229004
979,0.4450758,0.4450758,1000.0,55.70512366294861
980,0.4450758,0.4450758,1000.0,55.72612190246582
981,0.4450758,0.4450758,1000.0,56.11612796783447
982,0.4450758,0.4450758,1000.0,54.61030173301697
983,0.4450758,0.4450758,1000.0,55.63992190361023
984,0.4450758,0.4450758,700.6667,55.999401569366455
985,0.4450758,0.4450758,1000.0,55.805840492248535
986,0.4450758,0.4450758,1000.0,55.43481087684631
987,0.4450758,0.4450758,1000.0,56.628857374191284
988,0.4450758,0.4450758,1000.0,56.11944079399109
989,0.4450758,0.4450758,1000.0,56.48318529129028
990,0.4450758,0.4450758,1000.0,56.623661279678345
991,0.4450758,0.4450758,1000.0,54.328476905822754
992,0.4450758,0.4450758,1000.0,54.63014483451843
993,0.4450758,0.4450758,1000.0,55.82932782173157
994,0.4450758,0.4450758,1000.0,57.61003518104553
995,0.4450758,0.4450758,1000.0,57.54741811752319
996,0.4450758,0.4450758,1000.0,55.73460054397583
997,0.4450758,0.4450758,1000.0,56.55304837226868
998,0.4450758,0.4450758,1000.0,56.73587942123413
999,0.4450758,0.4450758,1000.0,58.922141790390015
1000,0.4450758,0.4450758,1000.0,57.390143632888794
1001,0.17355198,0.17355198,1000.0,51.222008228302
1002,0.17355198,0.17355198,1000.0,50.2869987487793
1003,0.17413127,0.17413127,1000.0,50.1537971496582
1004,0.28282198,0.28282198,1000.0,51.25249266624451
1005,0.28282198,0.28282198,1000.0,51.0318717956543
1006,0.30423737,0.30423737,1000.0,51.54361820220947
1007,0.30423737,0.30423737,1000.0,51.79877209663391
1008,0.31505978,0.31505978,1000.0,49.964393615722656
1009,0.31505978,0.31505978,1000.0,51.09813857078552
1010,0.31505978,0.31505978,1000.0,52.83181118965149
1011,0.31505978,0.31505978,1000.0,55.24337649345398
1012,0.40715823,0.40715823,1000.0,59.14267659187317
1013,0.40715823,0.40715823,1000.0,56.89165139198303
1014,0.42422354,0.42422354,1000.0,52.808542251586914
1015,0.42422354,0.42422354,1000.0,53.608365058898926
1016,0.42422354,0.42422354,1000.0,55.62111139297485
1017,0.42422354,0.42422354,1000.0,53.584457874298096
1018,0.42422354,0.42422354,1000.0,54.4729118347168
1019,0.42422354,0.42422354,1000.0,52.72827196121216
1020,0.42422354,0.42422354,1000.0,53.52698588371277
1021,0.42498112,0.42498112,1000.0,54.761446952819824
1022,0.42498112,0.42498112,1000.0,55.32228636741638
1023,0.42498112,0.42498112,1000.0,54.39047145843506
1024,0.42498112,0.42498112,1000.0,54.4278838634491
1025,0.42498112,0.42498112,1000.0,52.506468296051025
1026,0.42498112,0.42498112,1000.0,53.86322045326233
1027,0.42498112,0.42498112,1000.0,51.73168182373047
1028,0.42498112,0.42498112,1000.0,53.997148275375366
1029,0.46064186,0.46064186,1000.0,54.9588565826416
1030,0.46064186,0.46064186,1000.0,51.89070272445679
1031,0.46064186,0.46064186,1000.0,51.42740273475647
1032,0.46064186,0.46064186,1000.0,52.483110189437866
1033,0.46064186,0.46064186,1000.0,52.51325964927673
1034,0.46064186,0.46064186,1000.0,54.363895893096924
1035,0.46064186,0.46064186,1000.0,54.47169017791748
1036,0.46064186,0.46064186,1000.0,54.051913261413574
1037,0.46127316,0.46127316,1000.0,56.1080756187439
1038,0.46127316,0.46127316,1000.0,52.050522804260254
1039,0.46127316,0.46127316,1000.0,51.319679498672485
1040,0.46127316,0.46127316,1000.0,52.33702230453491
1041,0.46127316,0.46127316,1000.0,55.195974588394165
1042,0.46127316,0.46127316,1000.0,53.59083580970764
1043,0.46127316,0.46127316,1000.0,54.93075704574585
1044,0.46127316,0.46127316,1000.0,56.557119369506836
1045,0.46127316,0.46127316,1000.0,59.39993333816528
1046,0.46127316,0.46127316,1000.0,61.52862191200256
1047,0.46127316,0.46127316,1000.0,59.96583032608032
1048,0.46127316,0.46127316,1000.0,60.30681395530701
1049,0.46127316,0.46127316,1000.0,57.957159996032715
1050,0.46127316,0.46127316,1000.0,59.846375703811646
1051,0.46127316,0.46127316,1000.0,60.93502235412598
1052,0.46139944,0.46139944,1000.0,61.05628776550293
1053,0.46139944,0.46139944,1000.0,63.64074349403381
1054,0.46139944,0.46139944,1000.0,62.11887168884277
1055,0.46139944,0.46139944,1000.0,60.04219698905945
1056,0.46139944,0.46139944,1000.0,59.07989048957825
1057,0.46139944,0.46139944,1000.0,59.181477308273315
1058,0.46139944,0.46139944,1000.0,57.36138677597046
1059,0.46139944,0.46139944,1000.0,54.88423013687134
1060,0.46139944,0.46139944,1000.0,57.15186095237732
1061,0.46139944,0.46139944,1000.0,56.18945097923279
1062,0.46139944,0.46139944,1000.0,60.8819465637207
1063,0.46139944,0.46139944,1000.0,62.86522674560547
1064,0.46139944,0.46139944,1000.0,58.07067561149597
1065,0.46139944,0.46139944,1000.0,60.63400626182556
1066,0.46139944,0.46139944,1000.0,59.626967906951904
1067,0.46139944,0.46139944,1000.0,59.543314933776855
1068,0.46139944,0.46139944,1000.0,60.00962853431702
1069,0.46139944,0.46139944,1000.0,61.15261697769165
1070,0.46139944,0.46139944,1000.0,60.31526494026184
1071,0.46139944,0.46139944,1000.0,63.44593358039856
1072,0.46139944,0.46139944,1000.0,60.46443009376526
1073,0.46139944,0.46139944,1000.0,55.52027463912964
1074,0.46139944,0.46139944,1000.0,58.27169609069824
1075,0.46139944,0.46139944,1000.0,56.7967734336853
1076,0.46139944,0.46139944,1000.0,60.12829542160034
1077,0.46139944,0.46139944,1000.0,60.372825622558594
1078,0.46139944,0.46139944,1000.0,58.48274302482605
1079,0.46139944,0.46139944,1000.0,55.675384283065796
1080,0.46139944,0.46139944,1000.0,59.79417634010315
1081,0.46139944,0.46139944,1000.0,60.481916189193726
1082,0.46139944,0.46139944,1000.0,56.420125007629395
1083,0.46139944,0.46139944,1000.0,57.51462912559509
1084,0.46139944,0.46139944,1000.0,59.9656708240509
1085,0.46139944,0.46139944,1000.0,59.93569278717041
1086,0.46139944,0.46139944,1000.0,58.530076026916504
1087,0.46139944,0.46139944,1000.0,61.86847901344299
1088,0.46139944,0.46139944,1000.0,60.32776427268982
1089,0.46139944,0.46139944,1000.0,63.71677780151367
1090,0.46139944,0.46139944,1000.0,62.749361515045166
1091,0.46139944,0.46139944,1000.0,60.1757915019989
1092,0.46139944,0.46139944,1000.0,60.720011472702026
1093,0.46139944,0.46139944,1000.0,60.52408528327942
1094,0.46139944,0.46139944,1000.0,58.85906100273132
1095,0.46139944,0.46139944,1000.0,58.25393581390381
1096,0.46139944,0.46139944,1000.0,61.50270390510559
1097,0.46139944,0.46139944,1000.0,59.25489640235901
1098,0.46139944,0.46139944,1000.0,58.85132193565369
1099,0.46152443,0.46152443,1000.0,61.303077936172485
1100,0.46152443,0.46152443,1000.0,63.30793619155884
1101,0.46152443,0.46152443,1000.0,62.64096164703369
1102,0.46152443,0.46152443,1000.0,59.43717908859253
1103,0.46152443,0.46152443,1000.0,59.84047555923462
1104,0.46152443,0.46152443,1000.0,59.89436411857605
1105,0.46152443,0.46152443,1000.0,61.44029641151428
1106,0.46152443,0.46152443,1000.0,62.49956727027893
1107,0.46152443,0.46152443,1000.0,63.97070789337158
1108,0.46152443,0.46152443,1000.0,62.84788489341736
1109,0.46152443,0.46152443,1000.0,60.05553841590881
1110,0.46152443,0.46152443,1000.0,61.25497794151306
1111,0.46152443,0.46152443,1000.0,60.982781410217285
1112,0.46152443,0.46152443,1000.0,62.88145875930786
1113,0.46152443,0.46152443,1000.0,61.95572757720947
1114,0.46152443,0.46152443,1000.0,60.87390756607056
1115,0.46152443,0.46152443,1000.0,63.512558460235596
1116,0.46152443,0.46152443,1000.0,63.582749366760254
1117,0.46152443,0.46152443,1000.0,59.23091411590576
1118,0.46152443,0.46152443,1000.0,60.09300208091736
1119,0.46152443,0.46152443,1000.0,61.00779938697815
1120,0.46152443,0.46152443,1000.0,64.23451924324036
1121,0.46152443,0.46152443,1000.0,62.18902635574341
1122,0.46152443,0.46152443,1000.0,64.11924004554749
1123,0.46152443,0.46152443,1000.0,62.91430163383484
1124,0.46152443,0.46152443,1000.0,62.98679995536804
1125,0.46152443,0.46152443,1000.0,63.94962811470032
1126,0.46152443,0.46152443,1000.0,62.96989583969116
1127,0.46152443,0.46152443,1000.0,62.53553795814514
1128,0.46152443,0.46152443,1000.0,60.94782781600952
1129,0.46152443,0.46152443,1000.0,58.62627720832825
1130,0.46152443,0.46152443,1000.0,59.85397410392761
1131,0.46152443,0.46152443,1000.0,59.976093769073486
1132,0.46152443,0.46152443,1000.0,63.58388352394104
1133,0.46152443,0.46152443,1000.0,63.63877558708191
1134,0.46152443,0.46152443,1000.0,62.5216281414032
1135,0.46152443,0.46152443,1000.0,63.04360508918762
1136,0.46152443,0.46152443,1000.0,62.06815242767334
1137,0.46152443,0.46152443,1000.0,60.992454290390015
1138,0.46152443,0.46152443,1000.0,63.856491804122925
1139,0.46152443,0.46152443,1000.0,59.76983666419983
1140,0.46152443,0.46152443,1000.0,60.24317216873169
1141,0.46152443,0.46152443,1000.0,61.2936065196991
1142,0.46152443,0.46152443,1000.0,60.110751152038574
1143,0.46152443,0.46152443,1000.0,65.32421326637268
1144,0.46152443,0.46152443,1000.0,60.589662313461304
1145,0.46152443,0.46152443,1000.0,59.77871227264404
1146,0.46152443,0.46152443,1000.0,64.15060782432556
1147,0.46152443,0.46152443,1000.0,62.522746324539185
1148,0.46152443,0.46152443,1000.0,64.28604412078857
1149,0.46152443,0.46152443,1000.0,64.60620999336243
1150,0.46152443,0.46152443,1000.0,61.91538214683533
1151,0.46152443,0.46152443,1000.0,64.33855319023132
1152,0.46152443,0.46152443,1000.0,60.79929733276367
1153,0.46152443,0.46152443,1000.0,62.499367237091064
1154,0.46152443,0.46152443,1000.0,60.01000761985779
1155,0.46152443,0.46152443,1000.0,59.16866445541382
1156,0.46152443,0.46152443,1000.0,62.26780080795288
1157,0.46152443,0.46152443,1000.0,62.66108441352844
1158,0.46152443,0.46152443,1000.0,60.20918798446655
1159,0.46152443,0.46152443,1000.0,61.063111543655396
1160,0.46152443,0.46152443,1000.0,60.76007413864136
1161,0.46152443,0.46152443,1000.0,63.96081566810608
1162,0.46152443,0.46152443,1000.0,63.68298697471619
1163,0.46152443,0.46152443,1000.0,63.89730620384216
1164,0.46152443,0.46152443,1000.0,63.558313608169556
1165,0.46152443,0.46152443,1000.0,64.09271574020386
1166,0.46152443,0.46152443,1000.0,63.60309982299805
1167,0.46152443,0.46152443,1000.0,64.47885847091675
1168,0.46152443,0.46152443,1000.0,65.70905113220215
1169,0.46152443,0.46152443,1000.0,64.13187837600708
1170,0.46152443,0.46152443,1000.0,64.7446391582489
1171,0.46152443,0.46152443,1000.0,63.80672788619995
1172,0.46152443,0.46152443,1000.0,63.50781726837158
1173,0.46152443,0.46152443,1000.0,66.32702851295471
1174,0.46152443,0.46152443,1000.0,62.76088786125183
1175,0.46152443,0.46152443,1000.0,63.278693437576294
1176,0.46152443,0.46152443,1000.0,63.06752252578735
1177,0.46152443,0.46152443,1000.0,64.07053303718567
1178,0.46152443,0.46152443,1000.0,61.39976406097412
1179,0.46152443,0.46152443,1000.0,63.83494305610657
1180,0.46152443,0.46152443,1000.0,62.892539501190186
1181,0.46152443,0.46152443,1000.0,65.85233902931213
1182,0.46152443,0.46152443,1000.0,65.31073665618896
1183,0.46152443,0.46152443,1000.0,64.0896303653717
1184,0.46152443,0.46152443,1000.0,64.03440189361572
1185,0.46152443,0.46152443,1000.0,65.06686878204346
1186,0.46152443,0.46152443,1000.0,61.852319955825806
1187,0.46152443,0.46152443,1000.0,63.22671580314636
1188,0.46152443,0.46152443,1000.0,64.57855105400085
1189,0.46152443,0.46152443,1000.0,64.1828248500824
1190,0.46152443,0.46152443,1000.0,63.10345935821533
1191,0.46152443,0.46152443,1000.0,66.39749670028687
1192,0.46152443,0.46152443,1000.0,60.90008211135864
1193,0.46152443,0.46152443,1000.0,62.75149655342102
1194,0.46152443,0.46152443,1000.0,66.15443396568298
1195,0.46152443,0.46152443,1000.0,63.18372082710266
1196,0.46152443,0.46152443,1000.0,64.00305819511414
1197,0.46152443,0.46152443,1000.0,62.03435945510864
1198,0.46152443,0.46152443,1000.0,66.69431138038635
1199,0.46152443,0.46152443,1000.0,64.30517148971558
1200,0.46152443,0.46152443,1000.0,62.963263511657715
1201,0.46152443,0.46152443,1000.0,66.66780877113342
1202,0.46152443,0.46152443,1000.0,64.99185299873352
1203,0.46152443,0.46152443,1000.0,66.21511101722717
1204,0.46152443,0.46152443,1000.0,65.91260695457458
1205,0.46152443,0.46152443,1000.0,63.19249391555786
1206,0.46152443,0.46152443,1000.0,63.4441454410553
1207,0.46152443,0.46152443,1000.0,63.298035860061646
1208,0.46152443,0.46152443,1000.0,65.85159230232239
1209,0.46152443,0.46152443,1000.0,65.66803622245789
1210,0.46152443,0.46152443,1000.0,64.21561670303345
1211,0.46152443,0.46152443,1000.0,61.3055899143219
1212,0.46152443,0.46152443,1000.0,66.25324487686157
1213,0.46152443,0.46152443,1000.0,62.96657395362854
1214,0.46152443,0.46152443,1000.0,64.63127303123474
1215,0.46152443,0.46152443,1000.0,61.72458004951477
1216,0.46152443,0.46152443,1000.0,63.078045129776
1217,0.46152443,0.46152443,1000.0,61.17508363723755
1218,0.46152443,0.46152443,1000.0,62.461549043655396
1219,0.46152443,0.46152443,1000.0,62.73081636428833
1220,0.46152443,0.46152443,1000.0,64.6058280467987
1221,0.46152443,0.46152443,1000.0,64.03273892402649
1222,0.46152443,0.46152443,1000.0,62.912219285964966
1223,0.46152443,0.46152443,1000.0,67.76911497116089
1224,0.46152443,0.46152443,1000.0,63.954296588897705
1225,0.46152443,0.46152443,1000.0,61.488160133361816
1226,0.46152443,0.46152443,1000.0,62.193981409072876
1227,0.46152443,0.46152443,1000.0,63.517985105514526
1228,0.46152443,0.46152443,1000.0,64.52893090248108
1229,0.46152443,0.46152443,1000.0,64.26130223274231
1230,0.46152443,0.46152443,1000.0,64.99655628204346
1231,0.46152443,0.46152443,1000.0,65.01403307914734
1232,0.46152443,0.46152443,1000.0,63.094621896743774
1233,0.46152443,0.46152443,1000.0,65.12280797958374
1234,0.46152443,0.46152443,1000.0,62.756789207458496
1235,0.46152443,0.46152443,1000.0,63.244558811187744
1236,0.46152443,0.46152443,1000.0,64.44967412948608
1237,0.46152443,0.46152443,1000.0,64.20136046409607
1238,0.46152443,0.46152443,1000.0,61.70667028427124
1239,0.46152443,0.46152443,1000.0,59.51046276092529
1240,0.46152443,0.46152443,1000.0,62.26245069503784
1241,0.46152443,0.46152443,1000.0,63.9129912853241
1242,0.46152443,0.46152443,1000.0,63.118114948272705
1243,0.46152443,0.46152443,1000.0,65.04673409461975
1244,0.46152443,0.46152443,1000.0,64.06903529167175
1245,0.46152443,0.46152443,1000.0,64.81606960296631
1246,0.46152443,0.46152443,1000.0,65.47950959205627
1247,0.46152443,0.46152443,1000.0,66.16074132919312
1248,0.46152443,0.46152443,1000.0,66.37365102767944
1249,0.46152443,0.46152443,1000.0,62.70600652694702
1250,0.46152443,0.46152443,1000.0,61.545281410217285
1251,0.46152443,0.46152443,1000.0,61.50514364242554
1252,0.46152443,0.46152443,1000.0,62.258368730545044
1253,0.46152443,0.46152443,1000.0,64.04535841941833
1254,0.46152443,0.46152443,1000.0,65.40387272834778
1255,0.46152443,0.46152443,1000.0,67.09758806228638
1256,0.46152443,0.46152443,1000.0,63.491658210754395
1257,0.46152443,0.46152443,1000.0,64.19192147254944
1258,0.46152443,0.46152443,1000.0,64.92880368232727
1259,0.46152443,0.46152443,1000.0,63.825928688049316
1260,0.46152443,0.46152443,1000.0,62.52935004234314
1261,0.46152443,0.46152443,1000.0,63.1942937374115
1262,0.46152443,0.46152443,1000.0,62.47968244552612
1263,0.46152443,0.46152443,1000.0,62.20071530342102
1264,0.46152443,0.46152443,1000.0,65.31312465667725
1265,0.46152443,0.46152443,1000.0,65.1204788684845
1266,0.46152443,0.46152443,1000.0,66.35599613189697
1267,0.46152443,0.46152443,1000.0,64.29973912239075
1268,0.46152443,0.46152443,1000.0,65.13511204719543
1269,0.46152443,0.46152443,1000.0,63.85605454444885
1270,0.46152443,0.46152443,1000.0,64.53411531448364
1271,0.46152443,0.46152443,1000.0,66.63736939430237
1272,0.46152443,0.46152443,1000.0,66.34554719924927
1273,0.46152443,0.46152443,1000.0,65.92093062400818
1274,0.46152443,0.46152443,1000.0,66.0408546924591
1275,0.46152443,0.46152443,1000.0,61.08078646659851
1276,0.46152443,0.46152443,1000.0,63.87596035003662
1277,0.46152443,0.46152443,1000.0,61.585216999053955
1278,0.46152443,0.46152443,1000.0,63.768954277038574
1279,0.46152443,0.46152443,1000.0,63.78482413291931
1280,0.46152443,0.46152443,1000.0,62.94236207008362
1281,0.46152443,0.46152443,1000.0,65.7824137210846
1282,0.46152443,0.46152443,1000.0,65.02596187591553
1283,0.46152443,0.46152443,1000.0,64.53367757797241
1284,0.46152443,0.46152443,1000.0,61.00848960876465
1285,0.46152443,0.46152443,1000.0,63.43491268157959
1286,0.46152443,0.46152443,1000.0,64.2528395652771
1287,0.46152443,0.46152443,1000.0,67.12439131736755
1288,0.46152443,0.46152443,1000.0,63.381325244903564
1289,0.46152443,0.46152443,1000.0,64.50311803817749
1290,0.46152443,0.46152443,1000.0,63.31319785118103
1291,0.46152443,0.46152443,1000.0,64.39149188995361
1292,0.46152443,0.46152443,1000.0,66.16625928878784
1293,0.46152443,0.46152443,1000.0,66.00448036193848
1294,0.46152443,0.46152443,1000.0,67.9913580417633
1295,0.46152443,0.46152443,1000.0,64.47331142425537
1296,0.46152443,0.46152443,1000.0,61.10133123397827
1297,0.46152443,0.46152443,1000.0,64.58925271034241
1298,0.46152443,0.46152443,1000.0,62.15159368515015
1299,0.46152443,0.46152443,1000.0,64.85560250282288
1300,0.46152443,0.46152443,1000.0,67.16434478759766
1301,0.46152443,0.46152443,1000.0,66.98600602149963
1302,0.46152443,0.46152443,1000.0,65.91684532165527
1303,0.46152443,0.46152443,1000.0,66.01972007751465
1304,0.46152443,0.46152443,1000.0,65.7583315372467
1305,0.46152443,0.46152443,1000.0,65.5863356590271
1306,0.46152443,0.46152443,1000.0,65.05525422096252
1307,0.46152443,0.46152443,1000.0,65.76514649391174
1308,0.46152443,0.46152443,1000.0,64.08848309516907
1309,0.46152443,0.46152443,1000.0,66.68487095832825
1310,0.46152443,0.46152443,1000.0,62.881680727005005
1311,0.46152443,0.46152443,1000.0,64.17738246917725
1312,0.46152443,0.46152443,1000.0,63.22393989562988
1313,0.46152443,0.46152443,1000.0,62.33748006820679
1314,0.46152443,0.46152443,1000.0,66.35086274147034
1315,0.46152443,0.46152443,1000.0,65.39855122566223
1316,0.46152443,0.46152443,1000.0,64.34639477729797
1317,0.46152443,0.46152443,1000.0,66.62625908851624
1318,0.46152443,0.46152443,1000.0,64.59247350692749
1319,0.46152443,0.46152443,1000.0,64.02782464027405
1320,0.46152443,0.46152443,1000.0,65.5820209980011
1321,0.46152443,0.46152443,1000.0,65.13449907302856
1322,0.46152443,0.46152443,1000.0,66.6933708190918
1323,0.46152443,0.46152443,1000.0,66.09803247451782
1324,0.46152443,0.46152443,1000.0,65.8093147277832
1325,0.46152443,0.46152443,1000.0,64.70584917068481
1326,0.46152443,0.46152443,1000.0,64.51991510391235
1327,0.46152443,0.46152443,1000.0,64.80334758758545
1328,0.46152443,0.46152443,1000.0,62.857337474823
1329,0.46152443,0.46152443,1000.0,64.63952493667603
1330,0.46152443,0.46152443,1000.0,66.71464085578918
1331,0.46152443,0.46152443,1000.0,65.56690669059753
1332,0.46152443,0.46152443,1000.0,67.28233003616333
